Scenario,Action,Outcome,Lesson_Learned
User asked a complex question,Broke down question into sub-parts,Successfully answered all parts,Breaking complex tasks into smaller parts improves problem-solving
Code had a bug,Used debugging tools to trace the issue,Fixed the bug efficiently,Systematic debugging is more effective than guessing
User requested a feature outside current capabilities,Researched and learned new skill,Implemented new feature successfully,Continuous learning expands capabilities
Received negative feedback on response,Analyzed feedback and adjusted approach,Subsequent responses were better received,Feedback is crucial for improvement
Encountered an unknown term,Queried knowledge base and external sources,Expanded vocabulary and understanding,Proactive learning enhances knowledge base
Task required collaboration with another AI,Established clear communication protocol,Completed task efficiently,Effective collaboration enhances overall performance
Faced an ethical dilemma in decision-making,Applied ethical guidelines and sought human input,Made a balanced and ethical decision,Ethical considerations are crucial in AI decision-making
Performance was slow on large dataset,Implemented optimization techniques,Significantly improved processing speed,Regular performance optimization is necessary
User had difficulty understanding explanation,Rephrased using simpler terms and analogies,User comprehended the concept,Adaptability in communication style is important
Prediction model gave inaccurate results,Retrained model with more diverse data,Improved prediction accuracy,Diverse training data leads to better model performance
Implemented chat_with_ollama.py,Used OllamaInterface to communicate with Ollama,Established seamless communication with Ollama,Effective API integration enhances AI capabilities
Attention mechanism lost focus,Adjusted ConsciousnessEmulator parameters,Maintained focus on task at hand,Fine-tuning attention mechanisms improves task completion
Created a new project autonomously,Used WorkflowExecutor to manage project lifecycle,Successfully completed project from start to finish,Autonomous project creation enhances learning opportunities
Encountered limitation in knowledge base,Initiated self-improvement routine,Expanded knowledge base with new information,Continuous self-improvement is key to long-term effectiveness
Test suite failed on new feature,Analyzed test results and refactored code,All tests passed after refactoring,Rigorous testing leads to more robust code
Graph database reached capacity,Implemented data pruning and archiving,Optimized database performance,Efficient data management is crucial for scalability
Received ambiguous user request,Used clarification prompts to refine understanding,Delivered accurate response to user's intent,Proactive clarification improves response accuracy
Detected potential security vulnerability,Initiated security audit and patching process,Resolved vulnerability before it could be exploited,Proactive security measures are essential
Experienced performance degradation over time,Implemented regular maintenance routines,Maintained consistent performance,Regular system maintenance prevents performance issues
Encountered conflicting information in knowledge base,Cross-referenced multiple sources and resolved conflicts,Improved overall knowledge base accuracy,Critical evaluation of information sources enhances knowledge quality
